Target City,Distance,Assigned Pilot,Assigned Aircraft,Distance (km),Weather Conditions,Pilot Skill,Aircraft Speed (km/h),Fuel Capacity (km),Mission Fit Score
Tehran,685,John Doe,F-16,685,Clear,8,2400,5000,0.83
Tehran,685,John Doe,F-35,685,Clear,8,3000,6000,0.83
Tehran,685,John Doe,MiG-29,685,Clear,8,2450,4500,0.83
Tehran,685,John Doe,Su-27,685,Clear,8,2500,5200,0.83
Tehran,685,John Doe,Eurofighter Typhoon,685,Clear,8,2495,5600,0.83
Tehran,685,John Doe,Rafale,685,Clear,8,2130,4700,0.83
Tehran,685,John Doe,F/A-18,685,Clear,8,1915,4900,0.83
Tehran,685,Jane Smith,F-16,685,Clear,6,2400,5000,0.77
Tehran,685,Jane Smith,F-35,685,Clear,6,3000,6000,0.77
Tehran,685,Jane Smith,MiG-29,685,Clear,6,2450,4500,0.77
Tehran,685,Jane Smith,Su-27,685,Clear,6,2500,5200,0.77
Tehran,685,Jane Smith,Eurofighter Typhoon,685,Clear,6,2495,5600,0.77
Tehran,685,Jane Smith,Rafale,685,Clear,6,2130,4700,0.77
Tehran,685,Jane Smith,F/A-18,685,Clear,6,1915,4900,0.77
Tehran,685,Michael Johnson,F-16,685,Clear,7,2400,5000,0.77
Tehran,685,Michael Johnson,F-35,685,Clear,7,3000,6000,0.77
Tehran,685,Michael Johnson,MiG-29,685,Clear,7,2450,4500,0.77
Tehran,685,Michael Johnson,Su-27,685,Clear,7,2500,5200,0.77
Tehran,685,Michael Johnson,Eurofighter Typhoon,685,Clear,7,2495,5600,0.77
Tehran,685,Michael Johnson,Rafale,685,Clear,7,2130,4700,0.77
Tehran,685,Michael Johnson,F/A-18,685,Clear,7,1915,4900,0.77
Tehran,685,Emily Davis,F-16,685,Clear,9,2400,5000,0.83
Tehran,685,Emily Davis,F-35,685,Clear,9,3000,6000,0.83
Tehran,685,Emily Davis,MiG-29,685,Clear,9,2450,4500,0.83
Tehran,685,Emily Davis,Su-27,685,Clear,9,2500,5200,0.83
Tehran,685,Emily Davis,Eurofighter Typhoon,685,Clear,9,2495,5600,0.83
Tehran,685,Emily Davis,Rafale,685,Clear,9,2130,4700,0.83
Tehran,685,Emily Davis,F/A-18,685,Clear,9,1915,4900,0.83
Tehran,685,Robert Brown,F-16,685,Clear,5,2400,5000,0.74
Tehran,685,Robert Brown,F-35,685,Clear,5,3000,6000,0.74
Tehran,685,Robert Brown,MiG-29,685,Clear,5,2450,4500,0.74
Tehran,685,Robert Brown,Su-27,685,Clear,5,2500,5200,0.74
Tehran,685,Robert Brown,Eurofighter Typhoon,685,Clear,5,2495,5600,0.74
Tehran,685,Robert Brown,Rafale,685,Clear,5,2130,4700,0.74
Tehran,685,Robert Brown,F/A-18,685,Clear,5,1915,4900,0.74
Tehran,685,Sarah Wilson,F-16,685,Clear,8,2400,5000,0.83
Tehran,685,Sarah Wilson,F-35,685,Clear,8,3000,6000,0.83
Tehran,685,Sarah Wilson,MiG-29,685,Clear,8,2450,4500,0.83
Tehran,685,Sarah Wilson,Su-27,685,Clear,8,2500,5200,0.83
Tehran,685,Sarah Wilson,Eurofighter Typhoon,685,Clear,8,2495,5600,0.83
Tehran,685,Sarah Wilson,Rafale,685,Clear,8,2130,4700,0.83
Tehran,685,Sarah Wilson,F/A-18,685,Clear,8,1915,4900,0.83
Tehran,685,David Lee,F-16,685,Clear,6,2400,5000,0.77
Tehran,685,David Lee,F-35,685,Clear,6,3000,6000,0.77
Tehran,685,David Lee,MiG-29,685,Clear,6,2450,4500,0.77
Tehran,685,David Lee,Su-27,685,Clear,6,2500,5200,0.77
Tehran,685,David Lee,Eurofighter Typhoon,685,Clear,6,2495,5600,0.77
Tehran,685,David Lee,Rafale,685,Clear,6,2130,4700,0.77
Tehran,685,David Lee,F/A-18,685,Clear,6,1915,4900,0.77
Tehran,685,Chris Walker,F-16,685,Clear,7,2400,5000,0.77
Tehran,685,Chris Walker,F-35,685,Clear,7,3000,6000,0.77
Tehran,685,Chris Walker,MiG-29,685,Clear,7,2450,4500,0.77
Tehran,685,Chris Walker,Su-27,685,Clear,7,2500,5200,0.77
Tehran,685,Chris Walker,Eurofighter Typhoon,685,Clear,7,2495,5600,0.77
Tehran,685,Chris Walker,Rafale,685,Clear,7,2130,4700,0.77
Tehran,685,Chris Walker,F/A-18,685,Clear,7,1915,4900,0.77
Tehran,685,Jessica Miller,F-16,685,Clear,10,2400,5000,0.86
Tehran,685,Jessica Miller,F-35,685,Clear,10,3000,6000,0.86
Tehran,685,Jessica Miller,MiG-29,685,Clear,10,2450,4500,0.86
Tehran,685,Jessica Miller,Su-27,685,Clear,10,2500,5200,0.86
Tehran,685,Jessica Miller,Eurofighter Typhoon,685,Clear,10,2495,5600,0.86
Tehran,685,Jessica Miller,Rafale,685,Clear,10,2130,4700,0.86
Tehran,685,Jessica Miller,F/A-18,685,Clear,10,1915,4900,0.86
Tehran,685,Daniel Harris,F-16,685,Clear,4,2400,5000,0.74
Tehran,685,Daniel Harris,F-35,685,Clear,4,3000,6000,0.74
Tehran,685,Daniel Harris,MiG-29,685,Clear,4,2450,4500,0.74
Tehran,685,Daniel Harris,Su-27,685,Clear,4,2500,5200,0.74
Tehran,685,Daniel Harris,Eurofighter Typhoon,685,Clear,4,2495,5600,0.74
Tehran,685,Daniel Harris,Rafale,685,Clear,4,2130,4700,0.74
Tehran,685,Daniel Harris,F/A-18,685,Clear,4,1915,4900,0.74
Baghdad,585,John Doe,F-16,585,Clear,8,2400,5000,0.73
Baghdad,585,John Doe,F-35,585,Clear,8,3000,6000,0.73
Baghdad,585,John Doe,MiG-29,585,Clear,8,2450,4500,0.73
Baghdad,585,John Doe,Su-27,585,Clear,8,2500,5200,0.73
Baghdad,585,John Doe,Eurofighter Typhoon,585,Clear,8,2495,5600,0.73
Baghdad,585,John Doe,Rafale,585,Clear,8,2130,4700,0.73
Baghdad,585,John Doe,F/A-18,585,Clear,8,1915,4900,0.73
Baghdad,585,Jane Smith,F-16,585,Clear,6,2400,5000,0.67
Baghdad,585,Jane Smith,F-35,585,Clear,6,3000,6000,0.67
Baghdad,585,Jane Smith,MiG-29,585,Clear,6,2450,4500,0.67
Baghdad,585,Jane Smith,Su-27,585,Clear,6,2500,5200,0.67
Baghdad,585,Jane Smith,Eurofighter Typhoon,585,Clear,6,2495,5600,0.67
Baghdad,585,Jane Smith,Rafale,585,Clear,6,2130,4700,0.67
Baghdad,585,Jane Smith,F/A-18,585,Clear,6,1915,4900,0.67
Baghdad,585,Michael Johnson,F-16,585,Clear,7,2400,5000,0.67
Baghdad,585,Michael Johnson,F-35,585,Clear,7,3000,6000,0.67
Baghdad,585,Michael Johnson,MiG-29,585,Clear,7,2450,4500,0.67
Baghdad,585,Michael Johnson,Su-27,585,Clear,7,2500,5200,0.67
Baghdad,585,Michael Johnson,Eurofighter Typhoon,585,Clear,7,2495,5600,0.67
Baghdad,585,Michael Johnson,Rafale,585,Clear,7,2130,4700,0.67
Baghdad,585,Michael Johnson,F/A-18,585,Clear,7,1915,4900,0.67
Baghdad,585,Emily Davis,F-16,585,Clear,9,2400,5000,0.73
Baghdad,585,Emily Davis,F-35,585,Clear,9,3000,6000,0.73
Baghdad,585,Emily Davis,MiG-29,585,Clear,9,2450,4500,0.73
Baghdad,585,Emily Davis,Su-27,585,Clear,9,2500,5200,0.73
Baghdad,585,Emily Davis,Eurofighter Typhoon,585,Clear,9,2495,5600,0.73
Baghdad,585,Emily Davis,Rafale,585,Clear,9,2130,4700,0.73
Baghdad,585,Emily Davis,F/A-18,585,Clear,9,1915,4900,0.73
Baghdad,585,Robert Brown,F-16,585,Clear,5,2400,5000,0.65
Baghdad,585,Robert Brown,F-35,585,Clear,5,3000,6000,0.65
Baghdad,585,Robert Brown,MiG-29,585,Clear,5,2450,4500,0.65
Baghdad,585,Robert Brown,Su-27,585,Clear,5,2500,5200,0.65
Baghdad,585,Robert Brown,Eurofighter Typhoon,585,Clear,5,2495,5600,0.65
Baghdad,585,Robert Brown,Rafale,585,Clear,5,2130,4700,0.65
Baghdad,585,Robert Brown,F/A-18,585,Clear,5,1915,4900,0.65
Baghdad,585,Sarah Wilson,F-16,585,Clear,8,2400,5000,0.73
Baghdad,585,Sarah Wilson,F-35,585,Clear,8,3000,6000,0.73
Baghdad,585,Sarah Wilson,MiG-29,585,Clear,8,2450,4500,0.73
Baghdad,585,Sarah Wilson,Su-27,585,Clear,8,2500,5200,0.73
Baghdad,585,Sarah Wilson,Eurofighter Typhoon,585,Clear,8,2495,5600,0.73
Baghdad,585,Sarah Wilson,Rafale,585,Clear,8,2130,4700,0.73
Baghdad,585,Sarah Wilson,F/A-18,585,Clear,8,1915,4900,0.73
Baghdad,585,David Lee,F-16,585,Clear,6,2400,5000,0.67
Baghdad,585,David Lee,F-35,585,Clear,6,3000,6000,0.67
Baghdad,585,David Lee,MiG-29,585,Clear,6,2450,4500,0.67
Baghdad,585,David Lee,Su-27,585,Clear,6,2500,5200,0.67
Baghdad,585,David Lee,Eurofighter Typhoon,585,Clear,6,2495,5600,0.67
Baghdad,585,David Lee,Rafale,585,Clear,6,2130,4700,0.67
Baghdad,585,David Lee,F/A-18,585,Clear,6,1915,4900,0.67
Baghdad,585,Chris Walker,F-16,585,Clear,7,2400,5000,0.67
Baghdad,585,Chris Walker,F-35,585,Clear,7,3000,6000,0.67
Baghdad,585,Chris Walker,MiG-29,585,Clear,7,2450,4500,0.67
Baghdad,585,Chris Walker,Su-27,585,Clear,7,2500,5200,0.67
Baghdad,585,Chris Walker,Eurofighter Typhoon,585,Clear,7,2495,5600,0.67
Baghdad,585,Chris Walker,Rafale,585,Clear,7,2130,4700,0.67
Baghdad,585,Chris Walker,F/A-18,585,Clear,7,1915,4900,0.67
Baghdad,585,Jessica Miller,F-16,585,Clear,10,2400,5000,0.76
Baghdad,585,Jessica Miller,F-35,585,Clear,10,3000,6000,0.76
Baghdad,585,Jessica Miller,MiG-29,585,Clear,10,2450,4500,0.76
Baghdad,585,Jessica Miller,Su-27,585,Clear,10,2500,5200,0.76
Baghdad,585,Jessica Miller,Eurofighter Typhoon,585,Clear,10,2495,5600,0.76
Baghdad,585,Jessica Miller,Rafale,585,Clear,10,2130,4700,0.76
Baghdad,585,Jessica Miller,F/A-18,585,Clear,10,1915,4900,0.76
Baghdad,585,Daniel Harris,F-16,585,Clear,4,2400,5000,0.65
Baghdad,585,Daniel Harris,F-35,585,Clear,4,3000,6000,0.65
Baghdad,585,Daniel Harris,MiG-29,585,Clear,4,2450,4500,0.65
Baghdad,585,Daniel Harris,Su-27,585,Clear,4,2500,5200,0.65
Baghdad,585,Daniel Harris,Eurofighter Typhoon,585,Clear,4,2495,5600,0.65
Baghdad,585,Daniel Harris,Rafale,585,Clear,4,2130,4700,0.65
Baghdad,585,Daniel Harris,F/A-18,585,Clear,4,1915,4900,0.65
Damascus,645,John Doe,F-16,645,Clear,8,2400,5000,0.80
Damascus,645,John Doe,F-35,645,Clear,8,3000,6000,0.80
Damascus,645,John Doe,MiG-29,645,Clear,8,2450,4500,0.80
Damascus,645,John Doe,Su-27,645,Clear,8,2500,5200,0.80
Damascus,645,John Doe,Eurofighter Typhoon,645,Clear,8,2495,5600,0.80
Damascus,645,John Doe,Rafale,645,Clear,8,2130,4700,0.80
Damascus,645,John Doe,F/A-18,645,Clear,8,1915,4900,0.80
Damascus,645,Jane Smith,F-16,645,Clear,6,2400,5000,0.72
Damascus,645,Jane Smith,F-35,645,Clear,6,3000,6000,0.72
Damascus,645,Jane Smith,MiG-29,645,Clear,6,2450,4500,0.72
Damascus,645,Jane Smith,Su-27,645,Clear,6,2500,5200,0.72
Damascus,645,Jane Smith,Eurofighter Typhoon,645,Clear,6,2495,5600,0.72
Damascus,645,Jane Smith,Rafale,645,Clear,6,2130,4700,0.72
Damascus,645,Jane Smith,F/A-18,645,Clear,6,1915,4900,0.72
Damascus,645,Michael Johnson,F-16,645,Clear,7,2400,5000,0.72
Damascus,645,Michael Johnson,F-35,645,Clear,7,3000,6000,0.72
Damascus,645,Michael Johnson,MiG-29,645,Clear,7,2450,4500,0.72
Damascus,645,Michael Johnson,Su-27,645,Clear,7,2500,5200,0.72
Damascus,645,Michael Johnson,Eurofighter Typhoon,645,Clear,7,2495,5600,0.72
Damascus,645,Michael Johnson,Rafale,645,Clear,7,2130,4700,0.72
Damascus,645,Michael Johnson,F/A-18,645,Clear,7,1915,4900,0.72
Damascus,645,Emily Davis,F-16,645,Clear,9,2400,5000,0.80
Damascus,645,Emily Davis,F-35,645,Clear,9,3000,6000,0.80
Damascus,645,Emily Davis,MiG-29,645,Clear,9,2450,4500,0.80
Damascus,645,Emily Davis,Su-27,645,Clear,9,2500,5200,0.80
Damascus,645,Emily Davis,Eurofighter Typhoon,645,Clear,9,2495,5600,0.80
Damascus,645,Emily Davis,Rafale,645,Clear,9,2130,4700,0.80
Damascus,645,Emily Davis,F/A-18,645,Clear,9,1915,4900,0.80
Damascus,645,Robert Brown,F-16,645,Clear,5,2400,5000,0.70
Damascus,645,Robert Brown,F-35,645,Clear,5,3000,6000,0.70
Damascus,645,Robert Brown,MiG-29,645,Clear,5,2450,4500,0.70
Damascus,645,Robert Brown,Su-27,645,Clear,5,2500,5200,0.70
Damascus,645,Robert Brown,Eurofighter Typhoon,645,Clear,5,2495,5600,0.70
Damascus,645,Robert Brown,Rafale,645,Clear,5,2130,4700,0.70
Damascus,645,Robert Brown,F/A-18,645,Clear,5,1915,4900,0.70
Damascus,645,Sarah Wilson,F-16,645,Clear,8,2400,5000,0.80
Damascus,645,Sarah Wilson,F-35,645,Clear,8,3000,6000,0.80
Damascus,645,Sarah Wilson,MiG-29,645,Clear,8,2450,4500,0.80
Damascus,645,Sarah Wilson,Su-27,645,Clear,8,2500,5200,0.80
Damascus,645,Sarah Wilson,Eurofighter Typhoon,645,Clear,8,2495,5600,0.80
Damascus,645,Sarah Wilson,Rafale,645,Clear,8,2130,4700,0.80
Damascus,645,Sarah Wilson,F/A-18,645,Clear,8,1915,4900,0.80
Damascus,645,David Lee,F-16,645,Clear,6,2400,5000,0.72
Damascus,645,David Lee,F-35,645,Clear,6,3000,6000,0.72
Damascus,645,David Lee,MiG-29,645,Clear,6,2450,4500,0.72
Damascus,645,David Lee,Su-27,645,Clear,6,2500,5200,0.72
Damascus,645,David Lee,Eurofighter Typhoon,645,Clear,6,2495,5600,0.72
Damascus,645,David Lee,Rafale,645,Clear,6,2130,4700,0.72
Damascus,645,David Lee,F/A-18,645,Clear,6,1915,4900,0.72
Damascus,645,Chris Walker,F-16,645,Clear,7,2400,5000,0.72
Damascus,645,Chris Walker,F-35,645,Clear,7,3000,6000,0.72
Damascus,645,Chris Walker,MiG-29,645,Clear,7,2450,4500,0.72
Damascus,645,Chris Walker,Su-27,645,Clear,7,2500,5200,0.72
Damascus,645,Chris Walker,Eurofighter Typhoon,645,Clear,7,2495,5600,0.72
Damascus,645,Chris Walker,Rafale,645,Clear,7,2130,4700,0.72
Damascus,645,Chris Walker,F/A-18,645,Clear,7,1915,4900,0.72
Damascus,645,Jessica Miller,F-16,645,Clear,10,2400,5000,0.82
Damascus,645,Jessica Miller,F-35,645,Clear,10,3000,6000,0.82
Damascus,645,Jessica Miller,MiG-29,645,Clear,10,2450,4500,0.82
Damascus,645,Jessica Miller,Su-27,645,Clear,10,2500,5200,0.82
Damascus,645,Jessica Miller,Eurofighter Typhoon,645,Clear,10,2495,5600,0.82
Damascus,645,Jessica Miller,Rafale,645,Clear,10,2130,4700,0.82
Damascus,645,Jessica Miller,F/A-18,645,Clear,10,1915,4900,0.82
Damascus,645,Daniel Harris,F-16,645,Clear,4,2400,5000,0.70
Damascus,645,Daniel Harris,F-35,645,Clear,4,3000,6000,0.70
Damascus,645,Daniel Harris,MiG-29,645,Clear,4,2450,4500,0.70
Damascus,645,Daniel Harris,Su-27,645,Clear,4,2500,5200,0.70
Damascus,645,Daniel Harris,Eurofighter Typhoon,645,Clear,4,2495,5600,0.70
Damascus,645,Daniel Harris,Rafale,645,Clear,4,2130,4700,0.70
Damascus,645,Daniel Harris,F/A-18,645,Clear,4,1915,4900,0.70
Kabul,595,John Doe,F-16,595,Clear,8,2400,5000,0.74
Kabul,595,John Doe,F-35,595,Clear,8,3000,6000,0.74
Kabul,595,John Doe,MiG-29,595,Clear,8,2450,4500,0.74
Kabul,595,John Doe,Su-27,595,Clear,8,2500,5200,0.74
Kabul,595,John Doe,Eurofighter Typhoon,595,Clear,8,2495,5600,0.74
Kabul,595,John Doe,Rafale,595,Clear,8,2130,4700,0.74
Kabul,595,John Doe,F/A-18,595,Clear,8,1915,4900,0.74
Kabul,595,Jane Smith,F-16,595,Clear,6,2400,5000,0.68
Kabul,595,Jane Smith,F-35,595,Clear,6,3000,6000,0.68
Kabul,595,Jane Smith,MiG-29,595,Clear,6,2450,4500,0.68
Kabul,595,Jane Smith,Su-27,595,Clear,6,2500,5200,0.68
Kabul,595,Jane Smith,Eurofighter Typhoon,595,Clear,6,2495,5600,0.68
Kabul,595,Jane Smith,Rafale,595,Clear,6,2130,4700,0.68
Kabul,595,Jane Smith,F/A-18,595,Clear,6,1915,4900,0.68
Kabul,595,Michael Johnson,F-16,595,Clear,7,2400,5000,0.68
Kabul,595,Michael Johnson,F-35,595,Clear,7,3000,6000,0.68
Kabul,595,Michael Johnson,MiG-29,595,Clear,7,2450,4500,0.68
Kabul,595,Michael Johnson,Su-27,595,Clear,7,2500,5200,0.68
Kabul,595,Michael Johnson,Eurofighter Typhoon,595,Clear,7,2495,5600,0.68
Kabul,595,Michael Johnson,Rafale,595,Clear,7,2130,4700,0.68
Kabul,595,Michael Johnson,F/A-18,595,Clear,7,1915,4900,0.68
Kabul,595,Emily Davis,F-16,595,Clear,9,2400,5000,0.74
Kabul,595,Emily Davis,F-35,595,Clear,9,3000,6000,0.74
Kabul,595,Emily Davis,MiG-29,595,Clear,9,2450,4500,0.74
Kabul,595,Emily Davis,Su-27,595,Clear,9,2500,5200,0.74
Kabul,595,Emily Davis,Eurofighter Typhoon,595,Clear,9,2495,5600,0.74
Kabul,595,Emily Davis,Rafale,595,Clear,9,2130,4700,0.74
Kabul,595,Emily Davis,F/A-18,595,Clear,9,1915,4900,0.74
Kabul,595,Robert Brown,F-16,595,Clear,5,2400,5000,0.66
Kabul,595,Robert Brown,F-35,595,Clear,5,3000,6000,0.66
Kabul,595,Robert Brown,MiG-29,595,Clear,5,2450,4500,0.66
Kabul,595,Robert Brown,Su-27,595,Clear,5,2500,5200,0.66
Kabul,595,Robert Brown,Eurofighter Typhoon,595,Clear,5,2495,5600,0.66
Kabul,595,Robert Brown,Rafale,595,Clear,5,2130,4700,0.66
Kabul,595,Robert Brown,F/A-18,595,Clear,5,1915,4900,0.66
Kabul,595,Sarah Wilson,F-16,595,Clear,8,2400,5000,0.74
Kabul,595,Sarah Wilson,F-35,595,Clear,8,3000,6000,0.74
Kabul,595,Sarah Wilson,MiG-29,595,Clear,8,2450,4500,0.74
Kabul,595,Sarah Wilson,Su-27,595,Clear,8,2500,5200,0.74
Kabul,595,Sarah Wilson,Eurofighter Typhoon,595,Clear,8,2495,5600,0.74
Kabul,595,Sarah Wilson,Rafale,595,Clear,8,2130,4700,0.74
Kabul,595,Sarah Wilson,F/A-18,595,Clear,8,1915,4900,0.74
Kabul,595,David Lee,F-16,595,Clear,6,2400,5000,0.68
Kabul,595,David Lee,F-35,595,Clear,6,3000,6000,0.68
Kabul,595,David Lee,MiG-29,595,Clear,6,2450,4500,0.68
Kabul,595,David Lee,Su-27,595,Clear,6,2500,5200,0.68
Kabul,595,David Lee,Eurofighter Typhoon,595,Clear,6,2495,5600,0.68
Kabul,595,David Lee,Rafale,595,Clear,6,2130,4700,0.68
Kabul,595,David Lee,F/A-18,595,Clear,6,1915,4900,0.68
Kabul,595,Chris Walker,F-16,595,Clear,7,2400,5000,0.68
Kabul,595,Chris Walker,F-35,595,Clear,7,3000,6000,0.68
Kabul,595,Chris Walker,MiG-29,595,Clear,7,2450,4500,0.68
Kabul,595,Chris Walker,Su-27,595,Clear,7,2500,5200,0.68
Kabul,595,Chris Walker,Eurofighter Typhoon,595,Clear,7,2495,5600,0.68
Kabul,595,Chris Walker,Rafale,595,Clear,7,2130,4700,0.68
Kabul,595,Chris Walker,F/A-18,595,Clear,7,1915,4900,0.68
Kabul,595,Jessica Miller,F-16,595,Clear,10,2400,5000,0.77
Kabul,595,Jessica Miller,F-35,595,Clear,10,3000,6000,0.77
Kabul,595,Jessica Miller,MiG-29,595,Clear,10,2450,4500,0.77
Kabul,595,Jessica Miller,Su-27,595,Clear,10,2500,5200,0.77
Kabul,595,Jessica Miller,Eurofighter Typhoon,595,Clear,10,2495,5600,0.77
Kabul,595,Jessica Miller,Rafale,595,Clear,10,2130,4700,0.77
Kabul,595,Jessica Miller,F/A-18,595,Clear,10,1915,4900,0.77
Kabul,595,Daniel Harris,F-16,595,Clear,4,2400,5000,0.66
Kabul,595,Daniel Harris,F-35,595,Clear,4,3000,6000,0.66
Kabul,595,Daniel Harris,MiG-29,595,Clear,4,2450,4500,0.66
Kabul,595,Daniel Harris,Su-27,595,Clear,4,2500,5200,0.66
Kabul,595,Daniel Harris,Eurofighter Typhoon,595,Clear,4,2495,5600,0.66
Kabul,595,Daniel Harris,Rafale,595,Clear,4,2130,4700,0.66
Kabul,595,Daniel Harris,F/A-18,595,Clear,4,1915,4900,0.66
Sanaa,460,John Doe,F-16,460,Clear,8,2400,5000,0.61
Sanaa,460,John Doe,F-35,460,Clear,8,3000,6000,0.61
Sanaa,460,John Doe,MiG-29,460,Clear,8,2450,4500,0.61
Sanaa,460,John Doe,Su-27,460,Clear,8,2500,5200,0.61
Sanaa,460,John Doe,Eurofighter Typhoon,460,Clear,8,2495,5600,0.61
Sanaa,460,John Doe,Rafale,460,Clear,8,2130,4700,0.61
Sanaa,460,John Doe,F/A-18,460,Clear,8,1915,4900,0.61
Sanaa,460,Jane Smith,F-16,460,Clear,6,2400,5000,0.54
Sanaa,460,Jane Smith,F-35,460,Clear,6,3000,6000,0.54
Sanaa,460,Jane Smith,MiG-29,460,Clear,6,2450,4500,0.54
Sanaa,460,Jane Smith,Su-27,460,Clear,6,2500,5200,0.54
Sanaa,460,Jane Smith,Eurofighter Typhoon,460,Clear,6,2495,5600,0.54
Sanaa,460,Jane Smith,Rafale,460,Clear,6,2130,4700,0.54
Sanaa,460,Jane Smith,F/A-18,460,Clear,6,1915,4900,0.54
Sanaa,460,Michael Johnson,F-16,460,Clear,7,2400,5000,0.54
Sanaa,460,Michael Johnson,F-35,460,Clear,7,3000,6000,0.54
Sanaa,460,Michael Johnson,MiG-29,460,Clear,7,2450,4500,0.54
Sanaa,460,Michael Johnson,Su-27,460,Clear,7,2500,5200,0.54
Sanaa,460,Michael Johnson,Eurofighter Typhoon,460,Clear,7,2495,5600,0.54
Sanaa,460,Michael Johnson,Rafale,460,Clear,7,2130,4700,0.54
Sanaa,460,Michael Johnson,F/A-18,460,Clear,7,1915,4900,0.54
Sanaa,460,Emily Davis,F-16,460,Clear,9,2400,5000,0.61
Sanaa,460,Emily Davis,F-35,460,Clear,9,3000,6000,0.61
Sanaa,460,Emily Davis,MiG-29,460,Clear,9,2450,4500,0.61
Sanaa,460,Emily Davis,Su-27,460,Clear,9,2500,5200,0.61
Sanaa,460,Emily Davis,Eurofighter Typhoon,460,Clear,9,2495,5600,0.61
Sanaa,460,Emily Davis,Rafale,460,Clear,9,2130,4700,0.61
Sanaa,460,Emily Davis,F/A-18,460,Clear,9,1915,4900,0.61
Sanaa,460,Robert Brown,F-16,460,Clear,5,2400,5000,0.52
Sanaa,460,Robert Brown,F-35,460,Clear,5,3000,6000,0.52
Sanaa,460,Robert Brown,MiG-29,460,Clear,5,2450,4500,0.52
Sanaa,460,Robert Brown,Su-27,460,Clear,5,2500,5200,0.52
Sanaa,460,Robert Brown,Eurofighter Typhoon,460,Clear,5,2495,5600,0.52
Sanaa,460,Robert Brown,Rafale,460,Clear,5,2130,4700,0.52
Sanaa,460,Robert Brown,F/A-18,460,Clear,5,1915,4900,0.52
Sanaa,460,Sarah Wilson,F-16,460,Clear,8,2400,5000,0.61
Sanaa,460,Sarah Wilson,F-35,460,Clear,8,3000,6000,0.61
Sanaa,460,Sarah Wilson,MiG-29,460,Clear,8,2450,4500,0.61
Sanaa,460,Sarah Wilson,Su-27,460,Clear,8,2500,5200,0.61
Sanaa,460,Sarah Wilson,Eurofighter Typhoon,460,Clear,8,2495,5600,0.61
Sanaa,460,Sarah Wilson,Rafale,460,Clear,8,2130,4700,0.61
Sanaa,460,Sarah Wilson,F/A-18,460,Clear,8,1915,4900,0.61
Sanaa,460,David Lee,F-16,460,Clear,6,2400,5000,0.54
Sanaa,460,David Lee,F-35,460,Clear,6,3000,6000,0.54
Sanaa,460,David Lee,MiG-29,460,Clear,6,2450,4500,0.54
Sanaa,460,David Lee,Su-27,460,Clear,6,2500,5200,0.54
Sanaa,460,David Lee,Eurofighter Typhoon,460,Clear,6,2495,5600,0.54
Sanaa,460,David Lee,Rafale,460,Clear,6,2130,4700,0.54
Sanaa,460,David Lee,F/A-18,460,Clear,6,1915,4900,0.54
Sanaa,460,Chris Walker,F-16,460,Clear,7,2400,5000,0.54
Sanaa,460,Chris Walker,F-35,460,Clear,7,3000,6000,0.54
Sanaa,460,Chris Walker,MiG-29,460,Clear,7,2450,4500,0.54
Sanaa,460,Chris Walker,Su-27,460,Clear,7,2500,5200,0.54
Sanaa,460,Chris Walker,Eurofighter Typhoon,460,Clear,7,2495,5600,0.54
Sanaa,460,Chris Walker,Rafale,460,Clear,7,2130,4700,0.54
Sanaa,460,Chris Walker,F/A-18,460,Clear,7,1915,4900,0.54
Sanaa,460,Jessica Miller,F-16,460,Clear,10,2400,5000,0.64
Sanaa,460,Jessica Miller,F-35,460,Clear,10,3000,6000,0.64
Sanaa,460,Jessica Miller,MiG-29,460,Clear,10,2450,4500,0.64
Sanaa,460,Jessica Miller,Su-27,460,Clear,10,2500,5200,0.64
Sanaa,460,Jessica Miller,Eurofighter Typhoon,460,Clear,10,2495,5600,0.64
Sanaa,460,Jessica Miller,Rafale,460,Clear,10,2130,4700,0.64
Sanaa,460,Jessica Miller,F/A-18,460,Clear,10,1915,4900,0.64
Sanaa,460,Daniel Harris,F-16,460,Clear,4,2400,5000,0.52
Sanaa,460,Daniel Harris,F-35,460,Clear,4,3000,6000,0.52
Sanaa,460,Daniel Harris,MiG-29,460,Clear,4,2450,4500,0.52
Sanaa,460,Daniel Harris,Su-27,460,Clear,4,2500,5200,0.52
Sanaa,460,Daniel Harris,Eurofighter Typhoon,460,Clear,4,2495,5600,0.52
Sanaa,460,Daniel Harris,Rafale,460,Clear,4,2130,4700,0.52
Sanaa,460,Daniel Harris,F/A-18,460,Clear,4,1915,4900,0.52
Riyadh,565,John Doe,F-16,565,Clear,8,2400,5000,0.71
Riyadh,565,John Doe,F-35,565,Clear,8,3000,6000,0.71
Riyadh,565,John Doe,MiG-29,565,Clear,8,2450,4500,0.71
Riyadh,565,John Doe,Su-27,565,Clear,8,2500,5200,0.71
Riyadh,565,John Doe,Eurofighter Typhoon,565,Clear,8,2495,5600,0.71
Riyadh,565,John Doe,Rafale,565,Clear,8,2130,4700,0.71
Riyadh,565,John Doe,F/A-18,565,Clear,8,1915,4900,0.71
Riyadh,565,Jane Smith,F-16,565,Clear,6,2400,5000,0.65
Riyadh,565,Jane Smith,F-35,565,Clear,6,3000,6000,0.65
Riyadh,565,Jane Smith,MiG-29,565,Clear,6,2450,4500,0.65
Riyadh,565,Jane Smith,Su-27,565,Clear,6,2500,5200,0.65
Riyadh,565,Jane Smith,Eurofighter Typhoon,565,Clear,6,2495,5600,0.65
Riyadh,565,Jane Smith,Rafale,565,Clear,6,2130,4700,0.65
Riyadh,565,Jane Smith,F/A-18,565,Clear,6,1915,4900,0.65
Riyadh,565,Michael Johnson,F-16,565,Clear,7,2400,5000,0.65
Riyadh,565,Michael Johnson,F-35,565,Clear,7,3000,6000,0.65
Riyadh,565,Michael Johnson,MiG-29,565,Clear,7,2450,4500,0.65
Riyadh,565,Michael Johnson,Su-27,565,Clear,7,2500,5200,0.65
Riyadh,565,Michael Johnson,Eurofighter Typhoon,565,Clear,7,2495,5600,0.65
Riyadh,565,Michael Johnson,Rafale,565,Clear,7,2130,4700,0.65
Riyadh,565,Michael Johnson,F/A-18,565,Clear,7,1915,4900,0.65
Riyadh,565,Emily Davis,F-16,565,Clear,9,2400,5000,0.71
Riyadh,565,Emily Davis,F-35,565,Clear,9,3000,6000,0.71
Riyadh,565,Emily Davis,MiG-29,565,Clear,9,2450,4500,0.71
Riyadh,565,Emily Davis,Su-27,565,Clear,9,2500,5200,0.71
Riyadh,565,Emily Davis,Eurofighter Typhoon,565,Clear,9,2495,5600,0.71
Riyadh,565,Emily Davis,Rafale,565,Clear,9,2130,4700,0.71
Riyadh,565,Emily Davis,F/A-18,565,Clear,9,1915,4900,0.71
Riyadh,565,Robert Brown,F-16,565,Clear,5,2400,5000,0.62
Riyadh,565,Robert Brown,F-35,565,Clear,5,3000,6000,0.62
Riyadh,565,Robert Brown,MiG-29,565,Clear,5,2450,4500,0.62
Riyadh,565,Robert Brown,Su-27,565,Clear,5,2500,5200,0.62
Riyadh,565,Robert Brown,Eurofighter Typhoon,565,Clear,5,2495,5600,0.62
Riyadh,565,Robert Brown,Rafale,565,Clear,5,2130,4700,0.62
Riyadh,565,Robert Brown,F/A-18,565,Clear,5,1915,4900,0.62
Riyadh,565,Sarah Wilson,F-16,565,Clear,8,2400,5000,0.71
Riyadh,565,Sarah Wilson,F-35,565,Clear,8,3000,6000,0.71
Riyadh,565,Sarah Wilson,MiG-29,565,Clear,8,2450,4500,0.71
Riyadh,565,Sarah Wilson,Su-27,565,Clear,8,2500,5200,0.71
Riyadh,565,Sarah Wilson,Eurofighter Typhoon,565,Clear,8,2495,5600,0.71
Riyadh,565,Sarah Wilson,Rafale,565,Clear,8,2130,4700,0.71
Riyadh,565,Sarah Wilson,F/A-18,565,Clear,8,1915,4900,0.71
Riyadh,565,David Lee,F-16,565,Clear,6,2400,5000,0.65
Riyadh,565,David Lee,F-35,565,Clear,6,3000,6000,0.65
Riyadh,565,David Lee,MiG-29,565,Clear,6,2450,4500,0.65
Riyadh,565,David Lee,Su-27,565,Clear,6,2500,5200,0.65
Riyadh,565,David Lee,Eurofighter Typhoon,565,Clear,6,2495,5600,0.65
Riyadh,565,David Lee,Rafale,565,Clear,6,2130,4700,0.65
Riyadh,565,David Lee,F/A-18,565,Clear,6,1915,4900,0.65
Riyadh,565,Chris Walker,F-16,565,Clear,7,2400,5000,0.65
Riyadh,565,Chris Walker,F-35,565,Clear,7,3000,6000,0.65
Riyadh,565,Chris Walker,MiG-29,565,Clear,7,2450,4500,0.65
Riyadh,565,Chris Walker,Su-27,565,Clear,7,2500,5200,0.65
Riyadh,565,Chris Walker,Eurofighter Typhoon,565,Clear,7,2495,5600,0.65
Riyadh,565,Chris Walker,Rafale,565,Clear,7,2130,4700,0.65
Riyadh,565,Chris Walker,F/A-18,565,Clear,7,1915,4900,0.65
Riyadh,565,Jessica Miller,F-16,565,Clear,10,2400,5000,0.74
Riyadh,565,Jessica Miller,F-35,565,Clear,10,3000,6000,0.74
Riyadh,565,Jessica Miller,MiG-29,565,Clear,10,2450,4500,0.74
Riyadh,565,Jessica Miller,Su-27,565,Clear,10,2500,5200,0.74
Riyadh,565,Jessica Miller,Eurofighter Typhoon,565,Clear,10,2495,5600,0.74
Riyadh,565,Jessica Miller,Rafale,565,Clear,10,2130,4700,0.74
Riyadh,565,Jessica Miller,F/A-18,565,Clear,10,1915,4900,0.74
Riyadh,565,Daniel Harris,F-16,565,Clear,4,2400,5000,0.62
Riyadh,565,Daniel Harris,F-35,565,Clear,4,3000,6000,0.62
Riyadh,565,Daniel Harris,MiG-29,565,Clear,4,2450,4500,0.62
Riyadh,565,Daniel Harris,Su-27,565,Clear,4,2500,5200,0.62
Riyadh,565,Daniel Harris,Eurofighter Typhoon,565,Clear,4,2495,5600,0.62
Riyadh,565,Daniel Harris,Rafale,565,Clear,4,2130,4700,0.62
Riyadh,565,Daniel Harris,F/A-18,565,Clear,4,1915,4900,0.62
Cairo,515,John Doe,F-16,515,Clear,8,2400,5000,0.67
Cairo,515,John Doe,F-35,515,Clear,8,3000,6000,0.67
Cairo,515,John Doe,MiG-29,515,Clear,8,2450,4500,0.67
Cairo,515,John Doe,Su-27,515,Clear,8,2500,5200,0.67
Cairo,515,John Doe,Eurofighter Typhoon,515,Clear,8,2495,5600,0.67
Cairo,515,John Doe,Rafale,515,Clear,8,2130,4700,0.67
Cairo,515,John Doe,F/A-18,515,Clear,8,1915,4900,0.67
Cairo,515,Jane Smith,F-16,515,Clear,6,2400,5000,0.59
Cairo,515,Jane Smith,F-35,515,Clear,6,3000,6000,0.59
Cairo,515,Jane Smith,MiG-29,515,Clear,6,2450,4500,0.59
Cairo,515,Jane Smith,Su-27,515,Clear,6,2500,5200,0.59
Cairo,515,Jane Smith,Eurofighter Typhoon,515,Clear,6,2495,5600,0.59
Cairo,515,Jane Smith,Rafale,515,Clear,6,2130,4700,0.59
Cairo,515,Jane Smith,F/A-18,515,Clear,6,1915,4900,0.59
Cairo,515,Michael Johnson,F-16,515,Clear,7,2400,5000,0.59
Cairo,515,Michael Johnson,F-35,515,Clear,7,3000,6000,0.59
Cairo,515,Michael Johnson,MiG-29,515,Clear,7,2450,4500,0.59
Cairo,515,Michael Johnson,Su-27,515,Clear,7,2500,5200,0.59
Cairo,515,Michael Johnson,Eurofighter Typhoon,515,Clear,7,2495,5600,0.59
Cairo,515,Michael Johnson,Rafale,515,Clear,7,2130,4700,0.59
Cairo,515,Michael Johnson,F/A-18,515,Clear,7,1915,4900,0.59
Cairo,515,Emily Davis,F-16,515,Clear,9,2400,5000,0.67
Cairo,515,Emily Davis,F-35,515,Clear,9,3000,6000,0.67
Cairo,515,Emily Davis,MiG-29,515,Clear,9,2450,4500,0.67
Cairo,515,Emily Davis,Su-27,515,Clear,9,2500,5200,0.67
Cairo,515,Emily Davis,Eurofighter Typhoon,515,Clear,9,2495,5600,0.67
Cairo,515,Emily Davis,Rafale,515,Clear,9,2130,4700,0.67
Cairo,515,Emily Davis,F/A-18,515,Clear,9,1915,4900,0.67
Cairo,515,Robert Brown,F-16,515,Clear,5,2400,5000,0.57
Cairo,515,Robert Brown,F-35,515,Clear,5,3000,6000,0.57
Cairo,515,Robert Brown,MiG-29,515,Clear,5,2450,4500,0.57
Cairo,515,Robert Brown,Su-27,515,Clear,5,2500,5200,0.57
Cairo,515,Robert Brown,Eurofighter Typhoon,515,Clear,5,2495,5600,0.57
Cairo,515,Robert Brown,Rafale,515,Clear,5,2130,4700,0.57
Cairo,515,Robert Brown,F/A-18,515,Clear,5,1915,4900,0.57
Cairo,515,Sarah Wilson,F-16,515,Clear,8,2400,5000,0.67
Cairo,515,Sarah Wilson,F-35,515,Clear,8,3000,6000,0.67
Cairo,515,Sarah Wilson,MiG-29,515,Clear,8,2450,4500,0.67
Cairo,515,Sarah Wilson,Su-27,515,Clear,8,2500,5200,0.67
Cairo,515,Sarah Wilson,Eurofighter Typhoon,515,Clear,8,2495,5600,0.67
Cairo,515,Sarah Wilson,Rafale,515,Clear,8,2130,4700,0.67
Cairo,515,Sarah Wilson,F/A-18,515,Clear,8,1915,4900,0.67
Cairo,515,David Lee,F-16,515,Clear,6,2400,5000,0.59
Cairo,515,David Lee,F-35,515,Clear,6,3000,6000,0.59
Cairo,515,David Lee,MiG-29,515,Clear,6,2450,4500,0.59
Cairo,515,David Lee,Su-27,515,Clear,6,2500,5200,0.59
Cairo,515,David Lee,Eurofighter Typhoon,515,Clear,6,2495,5600,0.59
Cairo,515,David Lee,Rafale,515,Clear,6,2130,4700,0.59
Cairo,515,David Lee,F/A-18,515,Clear,6,1915,4900,0.59
Cairo,515,Chris Walker,F-16,515,Clear,7,2400,5000,0.59
Cairo,515,Chris Walker,F-35,515,Clear,7,3000,6000,0.59
Cairo,515,Chris Walker,MiG-29,515,Clear,7,2450,4500,0.59
Cairo,515,Chris Walker,Su-27,515,Clear,7,2500,5200,0.59
Cairo,515,Chris Walker,Eurofighter Typhoon,515,Clear,7,2495,5600,0.59
Cairo,515,Chris Walker,Rafale,515,Clear,7,2130,4700,0.59
Cairo,515,Chris Walker,F/A-18,515,Clear,7,1915,4900,0.59
Cairo,515,Jessica Miller,F-16,515,Clear,10,2400,5000,0.69
Cairo,515,Jessica Miller,F-35,515,Clear,10,3000,6000,0.69
Cairo,515,Jessica Miller,MiG-29,515,Clear,10,2450,4500,0.69
Cairo,515,Jessica Miller,Su-27,515,Clear,10,2500,5200,0.69
Cairo,515,Jessica Miller,Eurofighter Typhoon,515,Clear,10,2495,5600,0.69
Cairo,515,Jessica Miller,Rafale,515,Clear,10,2130,4700,0.69
Cairo,515,Jessica Miller,F/A-18,515,Clear,10,1915,4900,0.69
Cairo,515,Daniel Harris,F-16,515,Clear,4,2400,5000,0.57
Cairo,515,Daniel Harris,F-35,515,Clear,4,3000,6000,0.57
Cairo,515,Daniel Harris,MiG-29,515,Clear,4,2450,4500,0.57
Cairo,515,Daniel Harris,Su-27,515,Clear,4,2500,5200,0.57
Cairo,515,Daniel Harris,Eurofighter Typhoon,515,Clear,4,2495,5600,0.57
Cairo,515,Daniel Harris,Rafale,515,Clear,4,2130,4700,0.57
Cairo,515,Daniel Harris,F/A-18,515,Clear,4,1915,4900,0.57
Beirut,575,John Doe,F-16,575,Clear,8,2400,5000,0.72
Beirut,575,John Doe,F-35,575,Clear,8,3000,6000,0.72
Beirut,575,John Doe,MiG-29,575,Clear,8,2450,4500,0.72
Beirut,575,John Doe,Su-27,575,Clear,8,2500,5200,0.72
Beirut,575,John Doe,Eurofighter Typhoon,575,Clear,8,2495,5600,0.72
Beirut,575,John Doe,Rafale,575,Clear,8,2130,4700,0.72
Beirut,575,John Doe,F/A-18,575,Clear,8,1915,4900,0.72
Beirut,575,Jane Smith,F-16,575,Clear,6,2400,5000,0.66
Beirut,575,Jane Smith,F-35,575,Clear,6,3000,6000,0.66
Beirut,575,Jane Smith,MiG-29,575,Clear,6,2450,4500,0.66
Beirut,575,Jane Smith,Su-27,575,Clear,6,2500,5200,0.66
Beirut,575,Jane Smith,Eurofighter Typhoon,575,Clear,6,2495,5600,0.66
Beirut,575,Jane Smith,Rafale,575,Clear,6,2130,4700,0.66
Beirut,575,Jane Smith,F/A-18,575,Clear,6,1915,4900,0.66
Beirut,575,Michael Johnson,F-16,575,Clear,7,2400,5000,0.66
Beirut,575,Michael Johnson,F-35,575,Clear,7,3000,6000,0.66
Beirut,575,Michael Johnson,MiG-29,575,Clear,7,2450,4500,0.66
Beirut,575,Michael Johnson,Su-27,575,Clear,7,2500,5200,0.66
Beirut,575,Michael Johnson,Eurofighter Typhoon,575,Clear,7,2495,5600,0.66
Beirut,575,Michael Johnson,Rafale,575,Clear,7,2130,4700,0.66
Beirut,575,Michael Johnson,F/A-18,575,Clear,7,1915,4900,0.66
Beirut,575,Emily Davis,F-16,575,Clear,9,2400,5000,0.72
Beirut,575,Emily Davis,F-35,575,Clear,9,3000,6000,0.72
Beirut,575,Emily Davis,MiG-29,575,Clear,9,2450,4500,0.72
Beirut,575,Emily Davis,Su-27,575,Clear,9,2500,5200,0.72
Beirut,575,Emily Davis,Eurofighter Typhoon,575,Clear,9,2495,5600,0.72
Beirut,575,Emily Davis,Rafale,575,Clear,9,2130,4700,0.72
Beirut,575,Emily Davis,F/A-18,575,Clear,9,1915,4900,0.72
Beirut,575,Robert Brown,F-16,575,Clear,5,2400,5000,0.64
Beirut,575,Robert Brown,F-35,575,Clear,5,3000,6000,0.64
Beirut,575,Robert Brown,MiG-29,575,Clear,5,2450,4500,0.64
Beirut,575,Robert Brown,Su-27,575,Clear,5,2500,5200,0.64
Beirut,575,Robert Brown,Eurofighter Typhoon,575,Clear,5,2495,5600,0.64
Beirut,575,Robert Brown,Rafale,575,Clear,5,2130,4700,0.64
Beirut,575,Robert Brown,F/A-18,575,Clear,5,1915,4900,0.64
Beirut,575,Sarah Wilson,F-16,575,Clear,8,2400,5000,0.72
Beirut,575,Sarah Wilson,F-35,575,Clear,8,3000,6000,0.72
Beirut,575,Sarah Wilson,MiG-29,575,Clear,8,2450,4500,0.72
Beirut,575,Sarah Wilson,Su-27,575,Clear,8,2500,5200,0.72
Beirut,575,Sarah Wilson,Eurofighter Typhoon,575,Clear,8,2495,5600,0.72
Beirut,575,Sarah Wilson,Rafale,575,Clear,8,2130,4700,0.72
Beirut,575,Sarah Wilson,F/A-18,575,Clear,8,1915,4900,0.72
Beirut,575,David Lee,F-16,575,Clear,6,2400,5000,0.66
Beirut,575,David Lee,F-35,575,Clear,6,3000,6000,0.66
Beirut,575,David Lee,MiG-29,575,Clear,6,2450,4500,0.66
Beirut,575,David Lee,Su-27,575,Clear,6,2500,5200,0.66
Beirut,575,David Lee,Eurofighter Typhoon,575,Clear,6,2495,5600,0.66
Beirut,575,David Lee,Rafale,575,Clear,6,2130,4700,0.66
Beirut,575,David Lee,F/A-18,575,Clear,6,1915,4900,0.66
Beirut,575,Chris Walker,F-16,575,Clear,7,2400,5000,0.66
Beirut,575,Chris Walker,F-35,575,Clear,7,3000,6000,0.66
Beirut,575,Chris Walker,MiG-29,575,Clear,7,2450,4500,0.66
Beirut,575,Chris Walker,Su-27,575,Clear,7,2500,5200,0.66
Beirut,575,Chris Walker,Eurofighter Typhoon,575,Clear,7,2495,5600,0.66
Beirut,575,Chris Walker,Rafale,575,Clear,7,2130,4700,0.66
Beirut,575,Chris Walker,F/A-18,575,Clear,7,1915,4900,0.66
Beirut,575,Jessica Miller,F-16,575,Clear,10,2400,5000,0.75
Beirut,575,Jessica Miller,F-35,575,Clear,10,3000,6000,0.75
Beirut,575,Jessica Miller,MiG-29,575,Clear,10,2450,4500,0.75
Beirut,575,Jessica Miller,Su-27,575,Clear,10,2500,5200,0.75
Beirut,575,Jessica Miller,Eurofighter Typhoon,575,Clear,10,2495,5600,0.75
Beirut,575,Jessica Miller,Rafale,575,Clear,10,2130,4700,0.75
Beirut,575,Jessica Miller,F/A-18,575,Clear,10,1915,4900,0.75
Beirut,575,Daniel Harris,F-16,575,Clear,4,2400,5000,0.64
Beirut,575,Daniel Harris,F-35,575,Clear,4,3000,6000,0.64
Beirut,575,Daniel Harris,MiG-29,575,Clear,4,2450,4500,0.64
Beirut,575,Daniel Harris,Su-27,575,Clear,4,2500,5200,0.64
Beirut,575,Daniel Harris,Eurofighter Typhoon,575,Clear,4,2495,5600,0.64
Beirut,575,Daniel Harris,Rafale,575,Clear,4,2130,4700,0.64
Beirut,575,Daniel Harris,F/A-18,575,Clear,4,1915,4900,0.64
Amman,575,John Doe,F-16,575,Clear,8,2400,5000,0.72
Amman,575,John Doe,F-35,575,Clear,8,3000,6000,0.72
Amman,575,John Doe,MiG-29,575,Clear,8,2450,4500,0.72
Amman,575,John Doe,Su-27,575,Clear,8,2500,5200,0.72
Amman,575,John Doe,Eurofighter Typhoon,575,Clear,8,2495,5600,0.72
Amman,575,John Doe,Rafale,575,Clear,8,2130,4700,0.72
Amman,575,John Doe,F/A-18,575,Clear,8,1915,4900,0.72
Amman,575,Jane Smith,F-16,575,Clear,6,2400,5000,0.66
Amman,575,Jane Smith,F-35,575,Clear,6,3000,6000,0.66
Amman,575,Jane Smith,MiG-29,575,Clear,6,2450,4500,0.66
Amman,575,Jane Smith,Su-27,575,Clear,6,2500,5200,0.66
Amman,575,Jane Smith,Eurofighter Typhoon,575,Clear,6,2495,5600,0.66
Amman,575,Jane Smith,Rafale,575,Clear,6,2130,4700,0.66
Amman,575,Jane Smith,F/A-18,575,Clear,6,1915,4900,0.66
Amman,575,Michael Johnson,F-16,575,Clear,7,2400,5000,0.66
Amman,575,Michael Johnson,F-35,575,Clear,7,3000,6000,0.66
Amman,575,Michael Johnson,MiG-29,575,Clear,7,2450,4500,0.66
Amman,575,Michael Johnson,Su-27,575,Clear,7,2500,5200,0.66
Amman,575,Michael Johnson,Eurofighter Typhoon,575,Clear,7,2495,5600,0.66
Amman,575,Michael Johnson,Rafale,575,Clear,7,2130,4700,0.66
Amman,575,Michael Johnson,F/A-18,575,Clear,7,1915,4900,0.66
Amman,575,Emily Davis,F-16,575,Clear,9,2400,5000,0.72
Amman,575,Emily Davis,F-35,575,Clear,9,3000,6000,0.72
Amman,575,Emily Davis,MiG-29,575,Clear,9,2450,4500,0.72
Amman,575,Emily Davis,Su-27,575,Clear,9,2500,5200,0.72
Amman,575,Emily Davis,Eurofighter Typhoon,575,Clear,9,2495,5600,0.72
Amman,575,Emily Davis,Rafale,575,Clear,9,2130,4700,0.72
Amman,575,Emily Davis,F/A-18,575,Clear,9,1915,4900,0.72
Amman,575,Robert Brown,F-16,575,Clear,5,2400,5000,0.64
Amman,575,Robert Brown,F-35,575,Clear,5,3000,6000,0.64
Amman,575,Robert Brown,MiG-29,575,Clear,5,2450,4500,0.64
Amman,575,Robert Brown,Su-27,575,Clear,5,2500,5200,0.64
Amman,575,Robert Brown,Eurofighter Typhoon,575,Clear,5,2495,5600,0.64
Amman,575,Robert Brown,Rafale,575,Clear,5,2130,4700,0.64
Amman,575,Robert Brown,F/A-18,575,Clear,5,1915,4900,0.64
Amman,575,Sarah Wilson,F-16,575,Clear,8,2400,5000,0.72
Amman,575,Sarah Wilson,F-35,575,Clear,8,3000,6000,0.72
Amman,575,Sarah Wilson,MiG-29,575,Clear,8,2450,4500,0.72
Amman,575,Sarah Wilson,Su-27,575,Clear,8,2500,5200,0.72
Amman,575,Sarah Wilson,Eurofighter Typhoon,575,Clear,8,2495,5600,0.72
Amman,575,Sarah Wilson,Rafale,575,Clear,8,2130,4700,0.72
Amman,575,Sarah Wilson,F/A-18,575,Clear,8,1915,4900,0.72
Amman,575,David Lee,F-16,575,Clear,6,2400,5000,0.66
Amman,575,David Lee,F-35,575,Clear,6,3000,6000,0.66
Amman,575,David Lee,MiG-29,575,Clear,6,2450,4500,0.66
Amman,575,David Lee,Su-27,575,Clear,6,2500,5200,0.66
Amman,575,David Lee,Eurofighter Typhoon,575,Clear,6,2495,5600,0.66
Amman,575,David Lee,Rafale,575,Clear,6,2130,4700,0.66
Amman,575,David Lee,F/A-18,575,Clear,6,1915,4900,0.66
Amman,575,Chris Walker,F-16,575,Clear,7,2400,5000,0.66
Amman,575,Chris Walker,F-35,575,Clear,7,3000,6000,0.66
Amman,575,Chris Walker,MiG-29,575,Clear,7,2450,4500,0.66
Amman,575,Chris Walker,Su-27,575,Clear,7,2500,5200,0.66
Amman,575,Chris Walker,Eurofighter Typhoon,575,Clear,7,2495,5600,0.66
Amman,575,Chris Walker,Rafale,575,Clear,7,2130,4700,0.66
Amman,575,Chris Walker,F/A-18,575,Clear,7,1915,4900,0.66
Amman,575,Jessica Miller,F-16,575,Clear,10,2400,5000,0.75
Amman,575,Jessica Miller,F-35,575,Clear,10,3000,6000,0.75
Amman,575,Jessica Miller,MiG-29,575,Clear,10,2450,4500,0.75
Amman,575,Jessica Miller,Su-27,575,Clear,10,2500,5200,0.75
Amman,575,Jessica Miller,Eurofighter Typhoon,575,Clear,10,2495,5600,0.75
Amman,575,Jessica Miller,Rafale,575,Clear,10,2130,4700,0.75
Amman,575,Jessica Miller,F/A-18,575,Clear,10,1915,4900,0.75
Amman,575,Daniel Harris,F-16,575,Clear,4,2400,5000,0.64
Amman,575,Daniel Harris,F-35,575,Clear,4,3000,6000,0.64
Amman,575,Daniel Harris,MiG-29,575,Clear,4,2450,4500,0.64
Amman,575,Daniel Harris,Su-27,575,Clear,4,2500,5200,0.64
Amman,575,Daniel Harris,Eurofighter Typhoon,575,Clear,4,2495,5600,0.64
Amman,575,Daniel Harris,Rafale,575,Clear,4,2130,4700,0.64
Amman,575,Daniel Harris,F/A-18,575,Clear,4,1915,4900,0.64
Tripoli,261,John Doe,F-16,261,Clear,8,2400,5000,0.41
Tripoli,261,John Doe,F-35,261,Clear,8,3000,6000,0.41
Tripoli,261,John Doe,MiG-29,261,Clear,8,2450,4500,0.41
Tripoli,261,John Doe,Su-27,261,Clear,8,2500,5200,0.41
Tripoli,261,John Doe,Eurofighter Typhoon,261,Clear,8,2495,5600,0.41
Tripoli,261,John Doe,Rafale,261,Clear,8,2130,4700,0.41
Tripoli,261,John Doe,F/A-18,261,Clear,8,1915,4900,0.41
Tripoli,261,Jane Smith,F-16,261,Clear,6,2400,5000,0.34
Tripoli,261,Jane Smith,F-35,261,Clear,6,3000,6000,0.34
Tripoli,261,Jane Smith,MiG-29,261,Clear,6,2450,4500,0.34
Tripoli,261,Jane Smith,Su-27,261,Clear,6,2500,5200,0.34
Tripoli,261,Jane Smith,Eurofighter Typhoon,261,Clear,6,2495,5600,0.34
Tripoli,261,Jane Smith,Rafale,261,Clear,6,2130,4700,0.34
Tripoli,261,Jane Smith,F/A-18,261,Clear,6,1915,4900,0.34
Tripoli,261,Michael Johnson,F-16,261,Clear,7,2400,5000,0.34
Tripoli,261,Michael Johnson,F-35,261,Clear,7,3000,6000,0.34
Tripoli,261,Michael Johnson,MiG-29,261,Clear,7,2450,4500,0.34
Tripoli,261,Michael Johnson,Su-27,261,Clear,7,2500,5200,0.34
Tripoli,261,Michael Johnson,Eurofighter Typhoon,261,Clear,7,2495,5600,0.34
Tripoli,261,Michael Johnson,Rafale,261,Clear,7,2130,4700,0.34
Tripoli,261,Michael Johnson,F/A-18,261,Clear,7,1915,4900,0.34
Tripoli,261,Emily Davis,F-16,261,Clear,9,2400,5000,0.41
Tripoli,261,Emily Davis,F-35,261,Clear,9,3000,6000,0.41
Tripoli,261,Emily Davis,MiG-29,261,Clear,9,2450,4500,0.41
Tripoli,261,Emily Davis,Su-27,261,Clear,9,2500,5200,0.41
Tripoli,261,Emily Davis,Eurofighter Typhoon,261,Clear,9,2495,5600,0.41
Tripoli,261,Emily Davis,Rafale,261,Clear,9,2130,4700,0.41
Tripoli,261,Emily Davis,F/A-18,261,Clear,9,1915,4900,0.41
Tripoli,261,Robert Brown,F-16,261,Clear,5,2400,5000,0.32
Tripoli,261,Robert Brown,F-35,261,Clear,5,3000,6000,0.32
Tripoli,261,Robert Brown,MiG-29,261,Clear,5,2450,4500,0.32
Tripoli,261,Robert Brown,Su-27,261,Clear,5,2500,5200,0.32
Tripoli,261,Robert Brown,Eurofighter Typhoon,261,Clear,5,2495,5600,0.32
Tripoli,261,Robert Brown,Rafale,261,Clear,5,2130,4700,0.32
Tripoli,261,Robert Brown,F/A-18,261,Clear,5,1915,4900,0.32
Tripoli,261,Sarah Wilson,F-16,261,Clear,8,2400,5000,0.41
Tripoli,261,Sarah Wilson,F-35,261,Clear,8,3000,6000,0.41
Tripoli,261,Sarah Wilson,MiG-29,261,Clear,8,2450,4500,0.41
Tripoli,261,Sarah Wilson,Su-27,261,Clear,8,2500,5200,0.41
Tripoli,261,Sarah Wilson,Eurofighter Typhoon,261,Clear,8,2495,5600,0.41
Tripoli,261,Sarah Wilson,Rafale,261,Clear,8,2130,4700,0.41
Tripoli,261,Sarah Wilson,F/A-18,261,Clear,8,1915,4900,0.41
Tripoli,261,David Lee,F-16,261,Clear,6,2400,5000,0.34
Tripoli,261,David Lee,F-35,261,Clear,6,3000,6000,0.34
Tripoli,261,David Lee,MiG-29,261,Clear,6,2450,4500,0.34
Tripoli,261,David Lee,Su-27,261,Clear,6,2500,5200,0.34
Tripoli,261,David Lee,Eurofighter Typhoon,261,Clear,6,2495,5600,0.34
Tripoli,261,David Lee,Rafale,261,Clear,6,2130,4700,0.34
Tripoli,261,David Lee,F/A-18,261,Clear,6,1915,4900,0.34
Tripoli,261,Chris Walker,F-16,261,Clear,7,2400,5000,0.34
Tripoli,261,Chris Walker,F-35,261,Clear,7,3000,6000,0.34
Tripoli,261,Chris Walker,MiG-29,261,Clear,7,2450,4500,0.34
Tripoli,261,Chris Walker,Su-27,261,Clear,7,2500,5200,0.34
Tripoli,261,Chris Walker,Eurofighter Typhoon,261,Clear,7,2495,5600,0.34
Tripoli,261,Chris Walker,Rafale,261,Clear,7,2130,4700,0.34
Tripoli,261,Chris Walker,F/A-18,261,Clear,7,1915,4900,0.34
Tripoli,261,Jessica Miller,F-16,261,Clear,10,2400,5000,0.44
Tripoli,261,Jessica Miller,F-35,261,Clear,10,3000,6000,0.44
Tripoli,261,Jessica Miller,MiG-29,261,Clear,10,2450,4500,0.44
Tripoli,261,Jessica Miller,Su-27,261,Clear,10,2500,5200,0.44
Tripoli,261,Jessica Miller,Eurofighter Typhoon,261,Clear,10,2495,5600,0.44
Tripoli,261,Jessica Miller,Rafale,261,Clear,10,2130,4700,0.44
Tripoli,261,Jessica Miller,F/A-18,261,Clear,10,1915,4900,0.44
Tripoli,261,Daniel Harris,F-16,261,Clear,4,2400,5000,0.32
Tripoli,261,Daniel Harris,F-35,261,Clear,4,3000,6000,0.32
Tripoli,261,Daniel Harris,MiG-29,261,Clear,4,2450,4500,0.32
Tripoli,261,Daniel Harris,Su-27,261,Clear,4,2500,5200,0.32
Tripoli,261,Daniel Harris,Eurofighter Typhoon,261,Clear,4,2495,5600,0.32
Tripoli,261,Daniel Harris,Rafale,261,Clear,4,2130,4700,0.32
Tripoli,261,Daniel Harris,F/A-18,261,Clear,4,1915,4900,0.32
Khartoum,291,John Doe,F-16,291,Clear,8,2400,5000,0.44
Khartoum,291,John Doe,F-35,291,Clear,8,3000,6000,0.44
Khartoum,291,John Doe,MiG-29,291,Clear,8,2450,4500,0.44
Khartoum,291,John Doe,Su-27,291,Clear,8,2500,5200,0.44
Khartoum,291,John Doe,Eurofighter Typhoon,291,Clear,8,2495,5600,0.44
Khartoum,291,John Doe,Rafale,291,Clear,8,2130,4700,0.44
Khartoum,291,John Doe,F/A-18,291,Clear,8,1915,4900,0.44
Khartoum,291,Jane Smith,F-16,291,Clear,6,2400,5000,0.37
Khartoum,291,Jane Smith,F-35,291,Clear,6,3000,6000,0.37
Khartoum,291,Jane Smith,MiG-29,291,Clear,6,2450,4500,0.37
Khartoum,291,Jane Smith,Su-27,291,Clear,6,2500,5200,0.37
Khartoum,291,Jane Smith,Eurofighter Typhoon,291,Clear,6,2495,5600,0.37
Khartoum,291,Jane Smith,Rafale,291,Clear,6,2130,4700,0.37
Khartoum,291,Jane Smith,F/A-18,291,Clear,6,1915,4900,0.37
Khartoum,291,Michael Johnson,F-16,291,Clear,7,2400,5000,0.37
Khartoum,291,Michael Johnson,F-35,291,Clear,7,3000,6000,0.37
Khartoum,291,Michael Johnson,MiG-29,291,Clear,7,2450,4500,0.37
Khartoum,291,Michael Johnson,Su-27,291,Clear,7,2500,5200,0.37
Khartoum,291,Michael Johnson,Eurofighter Typhoon,291,Clear,7,2495,5600,0.37
Khartoum,291,Michael Johnson,Rafale,291,Clear,7,2130,4700,0.37
Khartoum,291,Michael Johnson,F/A-18,291,Clear,7,1915,4900,0.37
Khartoum,291,Emily Davis,F-16,291,Clear,9,2400,5000,0.44
Khartoum,291,Emily Davis,F-35,291,Clear,9,3000,6000,0.44
Khartoum,291,Emily Davis,MiG-29,291,Clear,9,2450,4500,0.44
Khartoum,291,Emily Davis,Su-27,291,Clear,9,2500,5200,0.44
Khartoum,291,Emily Davis,Eurofighter Typhoon,291,Clear,9,2495,5600,0.44
Khartoum,291,Emily Davis,Rafale,291,Clear,9,2130,4700,0.44
Khartoum,291,Emily Davis,F/A-18,291,Clear,9,1915,4900,0.44
Khartoum,291,Robert Brown,F-16,291,Clear,5,2400,5000,0.35
Khartoum,291,Robert Brown,F-35,291,Clear,5,3000,6000,0.35
Khartoum,291,Robert Brown,MiG-29,291,Clear,5,2450,4500,0.35
Khartoum,291,Robert Brown,Su-27,291,Clear,5,2500,5200,0.35
Khartoum,291,Robert Brown,Eurofighter Typhoon,291,Clear,5,2495,5600,0.35
Khartoum,291,Robert Brown,Rafale,291,Clear,5,2130,4700,0.35
Khartoum,291,Robert Brown,F/A-18,291,Clear,5,1915,4900,0.35
Khartoum,291,Sarah Wilson,F-16,291,Clear,8,2400,5000,0.44
Khartoum,291,Sarah Wilson,F-35,291,Clear,8,3000,6000,0.44
Khartoum,291,Sarah Wilson,MiG-29,291,Clear,8,2450,4500,0.44
Khartoum,291,Sarah Wilson,Su-27,291,Clear,8,2500,5200,0.44
Khartoum,291,Sarah Wilson,Eurofighter Typhoon,291,Clear,8,2495,5600,0.44
Khartoum,291,Sarah Wilson,Rafale,291,Clear,8,2130,4700,0.44
Khartoum,291,Sarah Wilson,F/A-18,291,Clear,8,1915,4900,0.44
Khartoum,291,David Lee,F-16,291,Clear,6,2400,5000,0.37
Khartoum,291,David Lee,F-35,291,Clear,6,3000,6000,0.37
Khartoum,291,David Lee,MiG-29,291,Clear,6,2450,4500,0.37
Khartoum,291,David Lee,Su-27,291,Clear,6,2500,5200,0.37
Khartoum,291,David Lee,Eurofighter Typhoon,291,Clear,6,2495,5600,0.37
Khartoum,291,David Lee,Rafale,291,Clear,6,2130,4700,0.37
Khartoum,291,David Lee,F/A-18,291,Clear,6,1915,4900,0.37
Khartoum,291,Chris Walker,F-16,291,Clear,7,2400,5000,0.37
Khartoum,291,Chris Walker,F-35,291,Clear,7,3000,6000,0.37
Khartoum,291,Chris Walker,MiG-29,291,Clear,7,2450,4500,0.37
Khartoum,291,Chris Walker,Su-27,291,Clear,7,2500,5200,0.37
Khartoum,291,Chris Walker,Eurofighter Typhoon,291,Clear,7,2495,5600,0.37
Khartoum,291,Chris Walker,Rafale,291,Clear,7,2130,4700,0.37
Khartoum,291,Chris Walker,F/A-18,291,Clear,7,1915,4900,0.37
Khartoum,291,Jessica Miller,F-16,291,Clear,10,2400,5000,0.47
Khartoum,291,Jessica Miller,F-35,291,Clear,10,3000,6000,0.47
Khartoum,291,Jessica Miller,MiG-29,291,Clear,10,2450,4500,0.47
Khartoum,291,Jessica Miller,Su-27,291,Clear,10,2500,5200,0.47
Khartoum,291,Jessica Miller,Eurofighter Typhoon,291,Clear,10,2495,5600,0.47
Khartoum,291,Jessica Miller,Rafale,291,Clear,10,2130,4700,0.47
Khartoum,291,Jessica Miller,F/A-18,291,Clear,10,1915,4900,0.47
Khartoum,291,Daniel Harris,F-16,291,Clear,4,2400,5000,0.35
Khartoum,291,Daniel Harris,F-35,291,Clear,4,3000,6000,0.35
Khartoum,291,Daniel Harris,MiG-29,291,Clear,4,2450,4500,0.35
Khartoum,291,Daniel Harris,Su-27,291,Clear,4,2500,5200,0.35
Khartoum,291,Daniel Harris,Eurofighter Typhoon,291,Clear,4,2495,5600,0.35
Khartoum,291,Daniel Harris,Rafale,291,Clear,4,2130,4700,0.35
Khartoum,291,Daniel Harris,F/A-18,291,Clear,4,1915,4900,0.35
Mosul,475,John Doe,F-16,475,Clear,8,2400,5000,0.62
Mosul,475,John Doe,F-35,475,Clear,8,3000,6000,0.62
Mosul,475,John Doe,MiG-29,475,Clear,8,2450,4500,0.62
Mosul,475,John Doe,Su-27,475,Clear,8,2500,5200,0.62
Mosul,475,John Doe,Eurofighter Typhoon,475,Clear,8,2495,5600,0.62
Mosul,475,John Doe,Rafale,475,Clear,8,2130,4700,0.62
Mosul,475,John Doe,F/A-18,475,Clear,8,1915,4900,0.62
Mosul,475,Jane Smith,F-16,475,Clear,6,2400,5000,0.56
Mosul,475,Jane Smith,F-35,475,Clear,6,3000,6000,0.56
Mosul,475,Jane Smith,MiG-29,475,Clear,6,2450,4500,0.56
Mosul,475,Jane Smith,Su-27,475,Clear,6,2500,5200,0.56
Mosul,475,Jane Smith,Eurofighter Typhoon,475,Clear,6,2495,5600,0.56
Mosul,475,Jane Smith,Rafale,475,Clear,6,2130,4700,0.56
Mosul,475,Jane Smith,F/A-18,475,Clear,6,1915,4900,0.56
Mosul,475,Michael Johnson,F-16,475,Clear,7,2400,5000,0.56
Mosul,475,Michael Johnson,F-35,475,Clear,7,3000,6000,0.56
Mosul,475,Michael Johnson,MiG-29,475,Clear,7,2450,4500,0.56
Mosul,475,Michael Johnson,Su-27,475,Clear,7,2500,5200,0.56
Mosul,475,Michael Johnson,Eurofighter Typhoon,475,Clear,7,2495,5600,0.56
Mosul,475,Michael Johnson,Rafale,475,Clear,7,2130,4700,0.56
Mosul,475,Michael Johnson,F/A-18,475,Clear,7,1915,4900,0.56
Mosul,475,Emily Davis,F-16,475,Clear,9,2400,5000,0.62
Mosul,475,Emily Davis,F-35,475,Clear,9,3000,6000,0.62
Mosul,475,Emily Davis,MiG-29,475,Clear,9,2450,4500,0.62
Mosul,475,Emily Davis,Su-27,475,Clear,9,2500,5200,0.62
Mosul,475,Emily Davis,Eurofighter Typhoon,475,Clear,9,2495,5600,0.62
Mosul,475,Emily Davis,Rafale,475,Clear,9,2130,4700,0.62
Mosul,475,Emily Davis,F/A-18,475,Clear,9,1915,4900,0.62
Mosul,475,Robert Brown,F-16,475,Clear,5,2400,5000,0.54
Mosul,475,Robert Brown,F-35,475,Clear,5,3000,6000,0.54
Mosul,475,Robert Brown,MiG-29,475,Clear,5,2450,4500,0.54
Mosul,475,Robert Brown,Su-27,475,Clear,5,2500,5200,0.54
Mosul,475,Robert Brown,Eurofighter Typhoon,475,Clear,5,2495,5600,0.54
Mosul,475,Robert Brown,Rafale,475,Clear,5,2130,4700,0.54
Mosul,475,Robert Brown,F/A-18,475,Clear,5,1915,4900,0.54
Mosul,475,Sarah Wilson,F-16,475,Clear,8,2400,5000,0.62
Mosul,475,Sarah Wilson,F-35,475,Clear,8,3000,6000,0.62
Mosul,475,Sarah Wilson,MiG-29,475,Clear,8,2450,4500,0.62
Mosul,475,Sarah Wilson,Su-27,475,Clear,8,2500,5200,0.62
Mosul,475,Sarah Wilson,Eurofighter Typhoon,475,Clear,8,2495,5600,0.62
Mosul,475,Sarah Wilson,Rafale,475,Clear,8,2130,4700,0.62
Mosul,475,Sarah Wilson,F/A-18,475,Clear,8,1915,4900,0.62
Mosul,475,David Lee,F-16,475,Clear,6,2400,5000,0.56
Mosul,475,David Lee,F-35,475,Clear,6,3000,6000,0.56
Mosul,475,David Lee,MiG-29,475,Clear,6,2450,4500,0.56
Mosul,475,David Lee,Su-27,475,Clear,6,2500,5200,0.56
Mosul,475,David Lee,Eurofighter Typhoon,475,Clear,6,2495,5600,0.56
Mosul,475,David Lee,Rafale,475,Clear,6,2130,4700,0.56
Mosul,475,David Lee,F/A-18,475,Clear,6,1915,4900,0.56
Mosul,475,Chris Walker,F-16,475,Clear,7,2400,5000,0.56
Mosul,475,Chris Walker,F-35,475,Clear,7,3000,6000,0.56
Mosul,475,Chris Walker,MiG-29,475,Clear,7,2450,4500,0.56
Mosul,475,Chris Walker,Su-27,475,Clear,7,2500,5200,0.56
Mosul,475,Chris Walker,Eurofighter Typhoon,475,Clear,7,2495,5600,0.56
Mosul,475,Chris Walker,Rafale,475,Clear,7,2130,4700,0.56
Mosul,475,Chris Walker,F/A-18,475,Clear,7,1915,4900,0.56
Mosul,475,Jessica Miller,F-16,475,Clear,10,2400,5000,0.65
Mosul,475,Jessica Miller,F-35,475,Clear,10,3000,6000,0.65
Mosul,475,Jessica Miller,MiG-29,475,Clear,10,2450,4500,0.65
Mosul,475,Jessica Miller,Su-27,475,Clear,10,2500,5200,0.65
Mosul,475,Jessica Miller,Eurofighter Typhoon,475,Clear,10,2495,5600,0.65
Mosul,475,Jessica Miller,Rafale,475,Clear,10,2130,4700,0.65
Mosul,475,Jessica Miller,F/A-18,475,Clear,10,1915,4900,0.65
Mosul,475,Daniel Harris,F-16,475,Clear,4,2400,5000,0.54
Mosul,475,Daniel Harris,F-35,475,Clear,4,3000,6000,0.54
Mosul,475,Daniel Harris,MiG-29,475,Clear,4,2450,4500,0.54
Mosul,475,Daniel Harris,Su-27,475,Clear,4,2500,5200,0.54
Mosul,475,Daniel Harris,Eurofighter Typhoon,475,Clear,4,2495,5600,0.54
Mosul,475,Daniel Harris,Rafale,475,Clear,4,2130,4700,0.54
Mosul,475,Daniel Harris,F/A-18,475,Clear,4,1915,4900,0.54
Fallujah,425,John Doe,F-16,425,Clear,8,2400,5000,0.57
Fallujah,425,John Doe,F-35,425,Clear,8,3000,6000,0.57
Fallujah,425,John Doe,MiG-29,425,Clear,8,2450,4500,0.57
Fallujah,425,John Doe,Su-27,425,Clear,8,2500,5200,0.57
Fallujah,425,John Doe,Eurofighter Typhoon,425,Clear,8,2495,5600,0.57
Fallujah,425,John Doe,Rafale,425,Clear,8,2130,4700,0.57
Fallujah,425,John Doe,F/A-18,425,Clear,8,1915,4900,0.57
Fallujah,425,Jane Smith,F-16,425,Clear,6,2400,5000,0.51
Fallujah,425,Jane Smith,F-35,425,Clear,6,3000,6000,0.51
Fallujah,425,Jane Smith,MiG-29,425,Clear,6,2450,4500,0.51
Fallujah,425,Jane Smith,Su-27,425,Clear,6,2500,5200,0.51
Fallujah,425,Jane Smith,Eurofighter Typhoon,425,Clear,6,2495,5600,0.51
Fallujah,425,Jane Smith,Rafale,425,Clear,6,2130,4700,0.51
Fallujah,425,Jane Smith,F/A-18,425,Clear,6,1915,4900,0.51
Fallujah,425,Michael Johnson,F-16,425,Clear,7,2400,5000,0.51
Fallujah,425,Michael Johnson,F-35,425,Clear,7,3000,6000,0.51
Fallujah,425,Michael Johnson,MiG-29,425,Clear,7,2450,4500,0.51
Fallujah,425,Michael Johnson,Su-27,425,Clear,7,2500,5200,0.51
Fallujah,425,Michael Johnson,Eurofighter Typhoon,425,Clear,7,2495,5600,0.51
Fallujah,425,Michael Johnson,Rafale,425,Clear,7,2130,4700,0.51
Fallujah,425,Michael Johnson,F/A-18,425,Clear,7,1915,4900,0.51
Fallujah,425,Emily Davis,F-16,425,Clear,9,2400,5000,0.57
Fallujah,425,Emily Davis,F-35,425,Clear,9,3000,6000,0.57
Fallujah,425,Emily Davis,MiG-29,425,Clear,9,2450,4500,0.57
Fallujah,425,Emily Davis,Su-27,425,Clear,9,2500,5200,0.57
Fallujah,425,Emily Davis,Eurofighter Typhoon,425,Clear,9,2495,5600,0.57
Fallujah,425,Emily Davis,Rafale,425,Clear,9,2130,4700,0.57
Fallujah,425,Emily Davis,F/A-18,425,Clear,9,1915,4900,0.57
Fallujah,425,Robert Brown,F-16,425,Clear,5,2400,5000,0.48
Fallujah,425,Robert Brown,F-35,425,Clear,5,3000,6000,0.48
Fallujah,425,Robert Brown,MiG-29,425,Clear,5,2450,4500,0.48
Fallujah,425,Robert Brown,Su-27,425,Clear,5,2500,5200,0.48
Fallujah,425,Robert Brown,Eurofighter Typhoon,425,Clear,5,2495,5600,0.48
Fallujah,425,Robert Brown,Rafale,425,Clear,5,2130,4700,0.48
Fallujah,425,Robert Brown,F/A-18,425,Clear,5,1915,4900,0.48
Fallujah,425,Sarah Wilson,F-16,425,Clear,8,2400,5000,0.57
Fallujah,425,Sarah Wilson,F-35,425,Clear,8,3000,6000,0.57
Fallujah,425,Sarah Wilson,MiG-29,425,Clear,8,2450,4500,0.57
Fallujah,425,Sarah Wilson,Su-27,425,Clear,8,2500,5200,0.57
Fallujah,425,Sarah Wilson,Eurofighter Typhoon,425,Clear,8,2495,5600,0.57
Fallujah,425,Sarah Wilson,Rafale,425,Clear,8,2130,4700,0.57
Fallujah,425,Sarah Wilson,F/A-18,425,Clear,8,1915,4900,0.57
Fallujah,425,David Lee,F-16,425,Clear,6,2400,5000,0.51
Fallujah,425,David Lee,F-35,425,Clear,6,3000,6000,0.51
Fallujah,425,David Lee,MiG-29,425,Clear,6,2450,4500,0.51
Fallujah,425,David Lee,Su-27,425,Clear,6,2500,5200,0.51
Fallujah,425,David Lee,Eurofighter Typhoon,425,Clear,6,2495,5600,0.51
Fallujah,425,David Lee,Rafale,425,Clear,6,2130,4700,0.51
Fallujah,425,David Lee,F/A-18,425,Clear,6,1915,4900,0.51
Fallujah,425,Chris Walker,F-16,425,Clear,7,2400,5000,0.51
Fallujah,425,Chris Walker,F-35,425,Clear,7,3000,6000,0.51
Fallujah,425,Chris Walker,MiG-29,425,Clear,7,2450,4500,0.51
Fallujah,425,Chris Walker,Su-27,425,Clear,7,2500,5200,0.51
Fallujah,425,Chris Walker,Eurofighter Typhoon,425,Clear,7,2495,5600,0.51
Fallujah,425,Chris Walker,Rafale,425,Clear,7,2130,4700,0.51
Fallujah,425,Chris Walker,F/A-18,425,Clear,7,1915,4900,0.51
Fallujah,425,Jessica Miller,F-16,425,Clear,10,2400,5000,0.60
Fallujah,425,Jessica Miller,F-35,425,Clear,10,3000,6000,0.60
Fallujah,425,Jessica Miller,MiG-29,425,Clear,10,2450,4500,0.60
Fallujah,425,Jessica Miller,Su-27,425,Clear,10,2500,5200,0.60
Fallujah,425,Jessica Miller,Eurofighter Typhoon,425,Clear,10,2495,5600,0.60
Fallujah,425,Jessica Miller,Rafale,425,Clear,10,2130,4700,0.60
Fallujah,425,Jessica Miller,F/A-18,425,Clear,10,1915,4900,0.60
Fallujah,425,Daniel Harris,F-16,425,Clear,4,2400,5000,0.48
Fallujah,425,Daniel Harris,F-35,425,Clear,4,3000,6000,0.48
Fallujah,425,Daniel Harris,MiG-29,425,Clear,4,2450,4500,0.48
Fallujah,425,Daniel Harris,Su-27,425,Clear,4,2500,5200,0.48
Fallujah,425,Daniel Harris,Eurofighter Typhoon,425,Clear,4,2495,5600,0.48
Fallujah,425,Daniel Harris,Rafale,425,Clear,4,2130,4700,0.48
Fallujah,425,Daniel Harris,F/A-18,425,Clear,4,1915,4900,0.48
Kandahar,435,John Doe,F-16,435,Clear,8,2400,5000,0.58
Kandahar,435,John Doe,F-35,435,Clear,8,3000,6000,0.58
Kandahar,435,John Doe,MiG-29,435,Clear,8,2450,4500,0.58
Kandahar,435,John Doe,Su-27,435,Clear,8,2500,5200,0.58
Kandahar,435,John Doe,Eurofighter Typhoon,435,Clear,8,2495,5600,0.58
Kandahar,435,John Doe,Rafale,435,Clear,8,2130,4700,0.58
Kandahar,435,John Doe,F/A-18,435,Clear,8,1915,4900,0.58
Kandahar,435,Jane Smith,F-16,435,Clear,6,2400,5000,0.52
Kandahar,435,Jane Smith,F-35,435,Clear,6,3000,6000,0.52
Kandahar,435,Jane Smith,MiG-29,435,Clear,6,2450,4500,0.52
Kandahar,435,Jane Smith,Su-27,435,Clear,6,2500,5200,0.52
Kandahar,435,Jane Smith,Eurofighter Typhoon,435,Clear,6,2495,5600,0.52
Kandahar,435,Jane Smith,Rafale,435,Clear,6,2130,4700,0.52
Kandahar,435,Jane Smith,F/A-18,435,Clear,6,1915,4900,0.52
Kandahar,435,Michael Johnson,F-16,435,Clear,7,2400,5000,0.52
Kandahar,435,Michael Johnson,F-35,435,Clear,7,3000,6000,0.52
Kandahar,435,Michael Johnson,MiG-29,435,Clear,7,2450,4500,0.52
Kandahar,435,Michael Johnson,Su-27,435,Clear,7,2500,5200,0.52
Kandahar,435,Michael Johnson,Eurofighter Typhoon,435,Clear,7,2495,5600,0.52
Kandahar,435,Michael Johnson,Rafale,435,Clear,7,2130,4700,0.52
Kandahar,435,Michael Johnson,F/A-18,435,Clear,7,1915,4900,0.52
Kandahar,435,Emily Davis,F-16,435,Clear,9,2400,5000,0.58
Kandahar,435,Emily Davis,F-35,435,Clear,9,3000,6000,0.58
Kandahar,435,Emily Davis,MiG-29,435,Clear,9,2450,4500,0.58
Kandahar,435,Emily Davis,Su-27,435,Clear,9,2500,5200,0.58
Kandahar,435,Emily Davis,Eurofighter Typhoon,435,Clear,9,2495,5600,0.58
Kandahar,435,Emily Davis,Rafale,435,Clear,9,2130,4700,0.58
Kandahar,435,Emily Davis,F/A-18,435,Clear,9,1915,4900,0.58
Kandahar,435,Robert Brown,F-16,435,Clear,5,2400,5000,0.49
Kandahar,435,Robert Brown,F-35,435,Clear,5,3000,6000,0.49
Kandahar,435,Robert Brown,MiG-29,435,Clear,5,2450,4500,0.49
Kandahar,435,Robert Brown,Su-27,435,Clear,5,2500,5200,0.49
Kandahar,435,Robert Brown,Eurofighter Typhoon,435,Clear,5,2495,5600,0.49
Kandahar,435,Robert Brown,Rafale,435,Clear,5,2130,4700,0.49
Kandahar,435,Robert Brown,F/A-18,435,Clear,5,1915,4900,0.49
Kandahar,435,Sarah Wilson,F-16,435,Clear,8,2400,5000,0.58
Kandahar,435,Sarah Wilson,F-35,435,Clear,8,3000,6000,0.58
Kandahar,435,Sarah Wilson,MiG-29,435,Clear,8,2450,4500,0.58
Kandahar,435,Sarah Wilson,Su-27,435,Clear,8,2500,5200,0.58
Kandahar,435,Sarah Wilson,Eurofighter Typhoon,435,Clear,8,2495,5600,0.58
Kandahar,435,Sarah Wilson,Rafale,435,Clear,8,2130,4700,0.58
Kandahar,435,Sarah Wilson,F/A-18,435,Clear,8,1915,4900,0.58
Kandahar,435,David Lee,F-16,435,Clear,6,2400,5000,0.52
Kandahar,435,David Lee,F-35,435,Clear,6,3000,6000,0.52
Kandahar,435,David Lee,MiG-29,435,Clear,6,2450,4500,0.52
Kandahar,435,David Lee,Su-27,435,Clear,6,2500,5200,0.52
Kandahar,435,David Lee,Eurofighter Typhoon,435,Clear,6,2495,5600,0.52
Kandahar,435,David Lee,Rafale,435,Clear,6,2130,4700,0.52
Kandahar,435,David Lee,F/A-18,435,Clear,6,1915,4900,0.52
Kandahar,435,Chris Walker,F-16,435,Clear,7,2400,5000,0.52
Kandahar,435,Chris Walker,F-35,435,Clear,7,3000,6000,0.52
Kandahar,435,Chris Walker,MiG-29,435,Clear,7,2450,4500,0.52
Kandahar,435,Chris Walker,Su-27,435,Clear,7,2500,5200,0.52
Kandahar,435,Chris Walker,Eurofighter Typhoon,435,Clear,7,2495,5600,0.52
Kandahar,435,Chris Walker,Rafale,435,Clear,7,2130,4700,0.52
Kandahar,435,Chris Walker,F/A-18,435,Clear,7,1915,4900,0.52
Kandahar,435,Jessica Miller,F-16,435,Clear,10,2400,5000,0.61
Kandahar,435,Jessica Miller,F-35,435,Clear,10,3000,6000,0.61
Kandahar,435,Jessica Miller,MiG-29,435,Clear,10,2450,4500,0.61
Kandahar,435,Jessica Miller,Su-27,435,Clear,10,2500,5200,0.61
Kandahar,435,Jessica Miller,Eurofighter Typhoon,435,Clear,10,2495,5600,0.61
Kandahar,435,Jessica Miller,Rafale,435,Clear,10,2130,4700,0.61
Kandahar,435,Jessica Miller,F/A-18,435,Clear,10,1915,4900,0.61
Kandahar,435,Daniel Harris,F-16,435,Clear,4,2400,5000,0.49
Kandahar,435,Daniel Harris,F-35,435,Clear,4,3000,6000,0.49
Kandahar,435,Daniel Harris,MiG-29,435,Clear,4,2450,4500,0.49
Kandahar,435,Daniel Harris,Su-27,435,Clear,4,2500,5200,0.49
Kandahar,435,Daniel Harris,Eurofighter Typhoon,435,Clear,4,2495,5600,0.49
Kandahar,435,Daniel Harris,Rafale,435,Clear,4,2130,4700,0.49
Kandahar,435,Daniel Harris,F/A-18,435,Clear,4,1915,4900,0.49
Marrakesh,340,John Doe,F-16,340,Clear,8,2400,5000,0.49
Marrakesh,340,John Doe,F-35,340,Clear,8,3000,6000,0.49
Marrakesh,340,John Doe,MiG-29,340,Clear,8,2450,4500,0.49
Marrakesh,340,John Doe,Su-27,340,Clear,8,2500,5200,0.49
Marrakesh,340,John Doe,Eurofighter Typhoon,340,Clear,8,2495,5600,0.49
Marrakesh,340,John Doe,Rafale,340,Clear,8,2130,4700,0.49
Marrakesh,340,John Doe,F/A-18,340,Clear,8,1915,4900,0.49
Marrakesh,340,Jane Smith,F-16,340,Clear,6,2400,5000,0.42
Marrakesh,340,Jane Smith,F-35,340,Clear,6,3000,6000,0.42
Marrakesh,340,Jane Smith,MiG-29,340,Clear,6,2450,4500,0.42
Marrakesh,340,Jane Smith,Su-27,340,Clear,6,2500,5200,0.42
Marrakesh,340,Jane Smith,Eurofighter Typhoon,340,Clear,6,2495,5600,0.42
Marrakesh,340,Jane Smith,Rafale,340,Clear,6,2130,4700,0.42
Marrakesh,340,Jane Smith,F/A-18,340,Clear,6,1915,4900,0.42
Marrakesh,340,Michael Johnson,F-16,340,Clear,7,2400,5000,0.42
Marrakesh,340,Michael Johnson,F-35,340,Clear,7,3000,6000,0.42
Marrakesh,340,Michael Johnson,MiG-29,340,Clear,7,2450,4500,0.42
Marrakesh,340,Michael Johnson,Su-27,340,Clear,7,2500,5200,0.42
Marrakesh,340,Michael Johnson,Eurofighter Typhoon,340,Clear,7,2495,5600,0.42
Marrakesh,340,Michael Johnson,Rafale,340,Clear,7,2130,4700,0.42
Marrakesh,340,Michael Johnson,F/A-18,340,Clear,7,1915,4900,0.42
Marrakesh,340,Emily Davis,F-16,340,Clear,9,2400,5000,0.49
Marrakesh,340,Emily Davis,F-35,340,Clear,9,3000,6000,0.49
Marrakesh,340,Emily Davis,MiG-29,340,Clear,9,2450,4500,0.49
Marrakesh,340,Emily Davis,Su-27,340,Clear,9,2500,5200,0.49
Marrakesh,340,Emily Davis,Eurofighter Typhoon,340,Clear,9,2495,5600,0.49
Marrakesh,340,Emily Davis,Rafale,340,Clear,9,2130,4700,0.49
Marrakesh,340,Emily Davis,F/A-18,340,Clear,9,1915,4900,0.49
Marrakesh,340,Robert Brown,F-16,340,Clear,5,2400,5000,0.40
Marrakesh,340,Robert Brown,F-35,340,Clear,5,3000,6000,0.40
Marrakesh,340,Robert Brown,MiG-29,340,Clear,5,2450,4500,0.40
Marrakesh,340,Robert Brown,Su-27,340,Clear,5,2500,5200,0.40
Marrakesh,340,Robert Brown,Eurofighter Typhoon,340,Clear,5,2495,5600,0.40
Marrakesh,340,Robert Brown,Rafale,340,Clear,5,2130,4700,0.40
Marrakesh,340,Robert Brown,F/A-18,340,Clear,5,1915,4900,0.40
Marrakesh,340,Sarah Wilson,F-16,340,Clear,8,2400,5000,0.49
Marrakesh,340,Sarah Wilson,F-35,340,Clear,8,3000,6000,0.49
Marrakesh,340,Sarah Wilson,MiG-29,340,Clear,8,2450,4500,0.49
Marrakesh,340,Sarah Wilson,Su-27,340,Clear,8,2500,5200,0.49
Marrakesh,340,Sarah Wilson,Eurofighter Typhoon,340,Clear,8,2495,5600,0.49
Marrakesh,340,Sarah Wilson,Rafale,340,Clear,8,2130,4700,0.49
Marrakesh,340,Sarah Wilson,F/A-18,340,Clear,8,1915,4900,0.49
Marrakesh,340,David Lee,F-16,340,Clear,6,2400,5000,0.42
Marrakesh,340,David Lee,F-35,340,Clear,6,3000,6000,0.42
Marrakesh,340,David Lee,MiG-29,340,Clear,6,2450,4500,0.42
Marrakesh,340,David Lee,Su-27,340,Clear,6,2500,5200,0.42
Marrakesh,340,David Lee,Eurofighter Typhoon,340,Clear,6,2495,5600,0.42
Marrakesh,340,David Lee,Rafale,340,Clear,6,2130,4700,0.42
Marrakesh,340,David Lee,F/A-18,340,Clear,6,1915,4900,0.42
Marrakesh,340,Chris Walker,F-16,340,Clear,7,2400,5000,0.42
Marrakesh,340,Chris Walker,F-35,340,Clear,7,3000,6000,0.42
Marrakesh,340,Chris Walker,MiG-29,340,Clear,7,2450,4500,0.42
Marrakesh,340,Chris Walker,Su-27,340,Clear,7,2500,5200,0.42
Marrakesh,340,Chris Walker,Eurofighter Typhoon,340,Clear,7,2495,5600,0.42
Marrakesh,340,Chris Walker,Rafale,340,Clear,7,2130,4700,0.42
Marrakesh,340,Chris Walker,F/A-18,340,Clear,7,1915,4900,0.42
Marrakesh,340,Jessica Miller,F-16,340,Clear,10,2400,5000,0.52
Marrakesh,340,Jessica Miller,F-35,340,Clear,10,3000,6000,0.52
Marrakesh,340,Jessica Miller,MiG-29,340,Clear,10,2450,4500,0.52
Marrakesh,340,Jessica Miller,Su-27,340,Clear,10,2500,5200,0.52
Marrakesh,340,Jessica Miller,Eurofighter Typhoon,340,Clear,10,2495,5600,0.52
Marrakesh,340,Jessica Miller,Rafale,340,Clear,10,2130,4700,0.52
Marrakesh,340,Jessica Miller,F/A-18,340,Clear,10,1915,4900,0.52
Marrakesh,340,Daniel Harris,F-16,340,Clear,4,2400,5000,0.40
Marrakesh,340,Daniel Harris,F-35,340,Clear,4,3000,6000,0.40
Marrakesh,340,Daniel Harris,MiG-29,340,Clear,4,2450,4500,0.40
Marrakesh,340,Daniel Harris,Su-27,340,Clear,4,2500,5200,0.40
Marrakesh,340,Daniel Harris,Eurofighter Typhoon,340,Clear,4,2495,5600,0.40
Marrakesh,340,Daniel Harris,Rafale,340,Clear,4,2130,4700,0.40
Marrakesh,340,Daniel Harris,F/A-18,340,Clear,4,1915,4900,0.40
